<?xml version="1.0" encoding="UTF-8" standalone="yes"?>
<addon id="repository.toolmaster" name="[COLOR cyan]Toolmaster[/COLOR] [COLOR white]Repository[/COLOR]" version="6.0" provider-name="[COLOR lime]Toolmaster[/COLOR]">
    <requires>
            <import addon="xbmc.addon" version="12.0.0"/>
        </requires>
		
    <extension point="xbmc.addon.repository" name="Toolmaster Repository">
    
    
	<dir>
		<info compressed="false">https://master-of-tools.de/toolmaster/repo/addons.xml</info>
		<checksum>https://master-of-tools.de/toolmaster/repo/addons.xml.md5</checksum>
		<datadir zip="true">https://master-of-tools.de/toolmaster/repo/</datadir>
	</dir> 
	
	<dir>
         <info compressed="false">https://raw.github.com/streamxstream/xStreamRepo/master/addons.xml</info>
         <checksum>https://raw.github.com/streamxstream/xStreamRepo/master/addons.xml.md5</checksum>
         <datadir zip="true">https://raw.github.com/streamxstream/xStreamRepo/master/</datadir>
        </dir>
        
        <dir minversion="17.0.0">
			<info compressed="true">https://github.com/mikesilvo164/repo.aeon.nox.silvo/raw/master/krypton/addons.xml</info>
			<checksum>https://github.com/mikesilvo164/repo.aeon.nox.silvo/raw/master/krypton/addons.xml.md5</checksum>
			<datadir zip="true">https://github.com/mikesilvo164/repo.aeon.nox.silvo/raw/master/krypton</datadir>
		</dir>
		
	
            <dir>
            <info compressed="false">https://raw.githubusercontent.com/teamuniversal/scrapers/master/_modules4all/zips/addons.xml</info>
            <checksum>https://raw.githubusercontent.com/teamuniversal/scrapers/master/_modules4all/zips/addons.xml.md5</checksum>
            <datadir zip="true">https://raw.githubusercontent.com/teamuniversal/scrapers/master/_modules4all/zips/</datadir>
            <hashes>false</hashes>
        </dir>
        <dir>
            <info compressed="false">https://raw.githubusercontent.com/jsergio123/zips/master/addons.xml</info>
            <checksum>https://raw.githubusercontent.com/jsergio123/zips/master/addons.xml.md5</checksum>
            <datadir zip="true">https://raw.githubusercontent.com/jsergio123/zips/master/</datadir>
        </dir>
        <dir>
            <info compressed="false">https://raw.githubusercontent.com/Twilight0/repo.twilight0.libs/master/_zips/addons.xml</info>
            <checksum>https://raw.githubusercontent.com/Twilight0/repo.twilight0.libs/master/_zips/addons.xml.md5</checksum>
            <datadir zip="true">https://raw.githubusercontent.com/Twilight0/repo.twilight0.libs/master/_zips/</datadir>
        </dir>
        <dir>
            <info compressed="false">https://raw.githubusercontent.com/Gujal00/smrzips/master/addons.xml</info>
            <checksum>https://raw.githubusercontent.com/Gujal00/smrzips/master/addons.xml.md5</checksum>
            <datadir zip="true">https://raw.githubusercontent.com/Gujal00/smrzips/master/zips/</datadir>
        </dir>
        <dir>
            <info compressed="false">https://raw.githubusercontent.com/bugatsinho/python-koding/master/addons.xml</info>
            <checksum>https://raw.githubusercontent.com/bugatsinho/python-koding/master/addons.xml.md5</checksum>
            <datadir zip="true">https://raw.githubusercontent.com/bugatsinho/python-koding/master/zips/</datadir>
        </dir>
 
		        <dir minversion="18.0" maxversion="18.9.0">
			<info compressed="false">https://raw.githubusercontent.com/jurialmunkey/repository.jurialmunkey/master/leia/zips/addons.xml</info>
            <checksum>https://raw.githubusercontent.com/jurialmunkey/repository.jurialmunkey/master/leia/zips/addons.xml.md5</checksum>
            <datadir zip="true">https://raw.githubusercontent.com/jurialmunkey/repository.jurialmunkey/master/leia/zips/</datadir>
		</dir>
		<dir minversion="18.9.0">
			<info compressed="false">https://raw.githubusercontent.com/jurialmunkey/repository.jurialmunkey/master/matrix/zips/addons.xml</info>
            <checksum>https://raw.githubusercontent.com/jurialmunkey/repository.jurialmunkey/master/matrix/zips/addons.xml.md5</checksum>
            <datadir zip="true">https://raw.githubusercontent.com/jurialmunkey/repository.jurialmunkey/master/matrix/zips/</datadir>
		</dir>
		<dir>
		<info>http://mirrors.kodi.tv/addons/matrix/addons.xml.gz</info>
		<checksum verify="sha256">http://mirrors.kodi.tv/addons/matrix/addons.xml.gz?sha256</checksum>
		<datadir>https://mirrors.kodi.tv/addons/matrix</datadir>
		<artdir>http://mirrors.kodi.tv/addons/matrix</artdir>
		<hashes>sha256</hashes>
		</dir>
		
		<dir minversion="15.0.0">
			<info compressed="true">https://github.com/mikesilvo164/repo.aeon.nox.silvo/raw/master/isengard/addons.xml</info>
			<checksum>https://github.com/mikesilvo164/repo.aeon.nox.silvo/raw/master/isengard/addons.xml.md5</checksum>
			<datadir zip="true">https://github.com/mikesilvo164/repo.aeon.nox.silvo/raw/master/isengard</datadir>
		</dir>
		<dir minversion="16.0.0">
			<info compressed="true">https://github.com/mikesilvo164/repo.aeon.nox.silvo/raw/master/jarvis/addons.xml</info>
			<checksum>https://github.com/mikesilvo164/repo.aeon.nox.silvo/raw/master/jarvis/addons.xml.md5</checksum>
			<datadir zip="true">https://github.com/mikesilvo164/repo.aeon.nox.silvo/raw/master/jarvis</datadir>
		</dir>
		<dir minversion="17.0.0">
			<info compressed="true">https://github.com/mikesilvo164/repo.aeon.nox.silvo/raw/master/krypton/addons.xml</info>
			<checksum>https://github.com/mikesilvo164/repo.aeon.nox.silvo/raw/master/krypton/addons.xml.md5</checksum>
			<datadir zip="true">https://github.com/mikesilvo164/repo.aeon.nox.silvo/raw/master/krypton</datadir>
		</dir>
		<dir minversion="17.9.0">
			<info compressed="true">https://github.com/mikesilvo164/repo.aeon.nox.silvo/raw/master/leia/addons.xml</info>
			<checksum>https://github.com/mikesilvo164/repo.aeon.nox.silvo/raw/master/leia/addons.xml.md5</checksum>
			<datadir zip="true">https://github.com/mikesilvo164/repo.aeon.nox.silvo/raw/master/leia</datadir>
		</dir>
		
    </extension>
    <extension point="xbmc.addon.metadata">
        <summary>[COLOR cyan]Toolmaster[/COLOR] [COLOR white]Repository[/COLOR]</summary>
        <description>[COLOR cyan]Toolmaster[/COLOR] [COLOR white]Repository[/COLOR]
[COLOR cyan]Forum:[/COLOR] [COLOR white]https://master-of-tools.de/[/COLOR]
</description>
        <platform>all</platform>
      <assets>
       <icon>icon.png</icon>
       <fanart>fanart.jpg</fanart>
  </assets>
  </extension>
</addon>

