<?xml version="1.0" encoding="UTF-8" standalone="yes"?>
<addon id="plugin.video.sgktv" version="2.0.0" name="[COLORdeepskyblue]SGK[/COLOR]TV" provider-name="SGK">
	<requires>
		<import addon="xbmc.python" version="3.0.0" />
		<import addon="script.module.six" />
		<import addon="script.module.kodi-six" />
		<import addon="inputstream.adaptive" version="19.0.1"/>
		<import addon="script.module.inputstreamhelper" version="0.5.8+matrix.1"/>
		<import addon="plugin.video.rtlgroup.de" version="1.0.5+matrix.1" optional="true"/>
		<import addon="plugin.video.joyn" version="2.3.9+matrix.1" optional="true"/>
		<import addon="plugin.video.zappntv" version="1.3.4+matrix.1" optional="true"/>
		</requires>
	<extension point="xbmc.python.pluginsource" library="default.py">
		<provides>video</provides>
	</extension>
	<extension point="xbmc.addon.metadata">
		<summary lang="en_GB">[COLORdeepskyblue]SGK[/COLOR]TV</summary>
		<summary lang="de_DE">[COLORdeepskyblue]SGK[/COLOR]TV</summary>
		<description lang="en_GB">The addons Joyn, RTL+ and Zappn must be reinstalled as dependencies in order to use the DE and AT channels. Sometimes a [COLORdeepskyblue]RTL+ -[/COLOR] / [COLORdeepskyblue]Joyn Free/Joyn+ account[/COLOR] or an [COLORdeepskyblue]AT[/COLOR] / [COLORdeepskyblue]CH-IP[/COLOR] or [COLORdeepskyblue]VPN[/COLOR] is required to play the TV channels.[CR]Thanks to the addon developers: [B]realvito, knaerzche, Maven, fayer3 and SlyGuy[/B][CR][CR]Support group: [COLORdeepskyblue]https://www.facebook.com/groups/kodiunlimited[/COLOR][CR]Donation link: [COLORdeepskyblue]https://www.paypal.me/KodiUnlimited[/COLOR]</description>
		<description lang="de_DE">Die Addons Joyn, RTL+ und Zappn müssen als Abhängigkeit nachinstalliert werden um die DE- und AT-Sender nutzen zu können. Teils wird ein [COLORdeepskyblue]RTL+ -[/COLOR] / [COLORdeepskyblue]Joyn Free/Joyn+ Account[/COLOR] bzw. eine [COLORdeepskyblue]AT[/COLOR] / [COLORdeepskyblue]CH-IP[/COLOR] oder [COLORdeepskyblue]VPN[/COLOR] benötigt um die TV-Sender wiederzugeben.[CR]Danke an die Addon-Entwickler: [B]realvito, knaerzche, Maven, fayer3 und SlyGuy[/B][CR][CR]Support-Gruppe: [COLORdeepskyblue]https://www.facebook.com/groups/kodiunlimited[/COLOR][CR]Spenden-Link: [COLORdeepskyblue]https://www.paypal.me/KodiUnlimited[/COLOR]</description>
		<disclaimer lang="en_GB">[B][COLORdeepskyblue]This is a third party addon and is unrelated to the official Kodi team.[/COLOR][/B]</disclaimer>
		<disclaimer lang="de_DE">[B][COLORdeepskyblue]Dies ist ein Drittanbieter-Addon und steht nicht in Zusammenhang mit dem offiziellen Team Kodi.[/COLOR][/B]</disclaimer>
		<platform>all</platform>
		<assets>
			<icon>icon.png</icon>
			<fanart>fanart.jpg</fanart>
			<screenshot>resources/screenshot1.png</screenshot>
			<screenshot>resources/screenshot2.png</screenshot>
			<screenshot>resources/screenshot3.png</screenshot>
		</assets>
	</extension>
</addon>
