<?xml version="1.0" encoding="UTF-8" standalone="yes"?>
<addon id="resource.images.studios.white" name="Studio Icons - White" version="1.0.9" provider-name="Team Kodi">
	<extension point="kodi.resource.images" compile="true" type="studios" />
	<requires>
		<import addon="kodi.resource" version="1.0.0"/>
	</requires>
	<extension point="xbmc.addon.metadata">
		<summary lang="en">White Studio Icons</summary>
		<description lang="en">White Studio Icons</description>
		<platform>all</platform>
		<assets>
			<icon>resources/icon.png</icon>
		</assets>
		<news>[B]v1.0.9[/B] - Release date: February 25, 2022[CR]
[B]ADDITIONS[/B]
• I added five new studios...EXA Entertainment, Fickle Fish, Nagoya TV, New Regency Productions, and Rizzoli Film.
		</news>
		<license>Creative Commons Attribution-Share Alike 3.0 United States</license>
	</extension>
</addon>
